fold,epoch,train_loss,train_acc,val_loss,val_acc,lr
0,1,5.25091033683487,0.00848336318220379,5.06346517543453,0.01272264631043257,0.001
0,2,5.03398786852773,0.019983033273635594,4.87308826155335,0.024597116200169637,0.00075
0,3,4.903113225524641,0.027618060137619003,4.808657746885266,0.02544529262086514,0.0002500000000000001
