fold,epoch,train_loss,train_acc,val_loss,val_acc,lr
4,1,5.201863369648211,0.012725044773305685,4.96768512879518,0.021204410517387615,0.001
4,2,4.916098179809559,0.03176548213780752,4.7584606887325585,0.05089058524173028,0.00075
4,3,4.755167238830745,0.044302007729286455,4.638200760292137,0.0720949957591179,0.0002500000000000001
