{
  "fold_best_val_accs": [
    0.05173876166242578,
    0.058524173027989825,
    0.07039864291772689,
    0.04834605597964377,
    0.0720949957591179,
    0.06615776081424936,
    0.07039864291772689,
    0.04749787955894826,
    0.06876061120543293,
    0.059422750424448216
  ],
  "mean_best_val_acc": 0.061334027426770986
}