fold,epoch,train_loss,train_acc,val_loss,val_acc,lr
5,1,5.268468013480804,0.009802997454991046,5.193277678113554,0.01102629346904156,0.001
5,2,5.127686399195015,0.013384861909699312,5.064082557008467,0.02374893977947413,0.00075
5,3,5.054672821829508,0.02045433122820247,5.040363370007231,0.02544529262086514,0.0002500000000000001
