fold,epoch,train_loss,train_acc,val_loss,val_acc,lr
2,1,5.266861233660453,0.008954661136770667,5.148454558556114,0.020356234096692113,0.001
2,2,5.1294579719416165,0.013950419455179565,5.086101864433774,0.017811704834605598,0.00075
2,3,5.061171601479122,0.018474879819021586,5.034377020430625,0.021204410517387615,0.0002500000000000001
