fold,epoch,train_loss,train_acc,val_loss,val_acc,lr
6,1,5.265895508429884,0.009425959091337543,5.121167535595817,0.01272264631043257,0.001
6,2,5.123482736703846,0.01677820718258083,5.045776412080566,0.019508057675996608,0.00075
6,3,5.067678869989773,0.01922895654632859,5.008052415823512,0.024597116200169637,0.0002500000000000001
