{
  "fold_best_val_accs": [
    0.1967769296013571,
    0.19083969465648856,
    0.2205258693808312,
    0.2010178117048346,
    0.2196776929601357,
    0.1967769296013571,
    0.21034775233248515,
    0.1967769296013571,
    0.19185059422750425,
    0.21307300509337862
  ],
  "mean_best_val_acc": 0.20376632091597294
}