{
  "fold_best_val_accs": [
    0.16878710771840544,
    0.1636980491942324,
    0.18405428329092452,
    0.15351993214588636,
    0.183206106870229,
    0.16963528413910092,
    0.18490245971162,
    0.17472434266327397,
    0.16893039049235994,
    0.1799660441426146
  ],
  "mean_best_val_acc": 0.1731424000368647
}