fold,epoch,train_loss,train_acc,val_loss,val_acc,lr
9,1,5.257604075781474,0.008011310084825637,5.096324146704682,0.014431239388794566,0.001
9,2,5.046064307080699,0.01894439208294062,4.886184547469653,0.035653650254668934,0.00075
9,3,4.920886421113729,0.026107445805843545,4.824848308627998,0.035653650254668934,0.0002500000000000001
