fold,epoch,train_loss,train_acc,val_loss,val_acc,lr
1,1,5.254165073604765,0.010274295409557923,5.095685247448767,0.01272264631043257,0.001
1,2,5.054517445234812,0.01856913940993496,4.926226143113023,0.02714164546225615,0.00075
1,3,4.939806900461294,0.024413234046564238,4.827479288474901,0.030534351145038167,0.0002500000000000001
