{
  "fold_best_val_accs": [
    0.12128922815945717,
    0.1280746395250212,
    0.15012722646310434,
    0.11535199321458864,
    0.14079728583545378,
    0.12298558100084818,
    0.1484308736217133,
    0.13486005089058525,
    0.12818336162988114,
    0.13837011884550085
  ],
  "mean_best_val_acc": 0.13284703591861538
}