{
  "fold_best_val_accs": [
    0.20441051738761662,
    0.19423240033927056,
    0.21119592875318066,
    0.18575063613231552,
    0.20865139949109415,
    0.21374045801526717,
    0.21374045801526717,
    0.2010178117048346,
    0.2071307300509338,
    0.20882852292020374
  ],
  "mean_best_val_acc": 0.2048698862809984
}