{
  "fold_best_val_accs": [
    0.02544529262086514,
    0.030534351145038167,
    0.030534351145038167,
    0.029686174724342665,
    0.04749787955894826,
    0.019508057675996608,
    0.029686174724342665,
    0.026293469041560644,
    0.02631578947368421,
    0.035653650254668934
  ],
  "mean_best_val_acc": 0.030115519036448546
}