{
  "fold_best_val_accs": [
    0.022900763358778626,
    0.027989821882951654,
    0.021204410517387615,
    0.026293469041560644,
    0.02883799830364716,
    0.02544529262086514,
    0.024597116200169637,
    0.019508057675996608,
    0.02631578947368421,
    0.027164685908319185
  ],
  "mean_best_val_acc": 0.025025740498336047
}