fold,epoch,train_loss,train_acc,val_loss,val_acc,lr
9,1,5.206762891530317,0.012252591894439209,4.989242851632965,0.02801358234295416,0.001
9,2,4.922510849272272,0.03213949104618285,4.807090015281846,0.04584040747028863,0.00075
9,3,4.771307071664219,0.0472196041470311,4.710748420708855,0.059422750424448216,0.0002500000000000001
