fold,epoch,train_loss,train_acc,val_loss,val_acc,lr
7,1,5.262073564758646,0.010085776227731172,5.143744795073687,0.009329940627650551,0.001
7,2,5.134127361945915,0.015364313318880196,5.085837584213244,0.016115351993214587,0.00075
7,3,5.0576577854938565,0.019323216137241965,5.043112944100649,0.019508057675996608,0.0002500000000000001
