fold,epoch,train_loss,train_acc,val_loss,val_acc,lr
0,1,5.27393272152517,0.008106324818550288,5.163620519274064,0.016115351993214587,0.001
0,2,5.138866225627447,0.01423319822791969,5.094086116405743,0.016115351993214587,0.00075
0,3,5.0656594637258525,0.022339523046469977,5.048802737769077,0.022900763358778626,0.0002500000000000001
