fold,epoch,train_loss,train_acc,val_loss,val_acc,lr
4,1,5.256442977027199,0.009237439909510793,5.061555121084509,0.016115351993214587,0.001
4,2,5.042152718736287,0.019323216137241965,4.838914521373461,0.026293469041560644,0.00075
4,3,4.910835954558446,0.02705250259213875,4.72563360908256,0.04749787955894826,0.0002500000000000001
