fold,epoch,train_loss,train_acc,val_loss,val_acc,lr
4,1,5.269985333769089,0.009802997454991046,5.12671672499109,0.018659881255301103,0.001
4,2,5.116170401352494,0.013950419455179565,5.048523797738137,0.02374893977947413,0.00075
4,3,5.043440974031747,0.02026581204637572,5.011561507386005,0.02883799830364716,0.0002500000000000001
