{
  "fold_best_val_accs": [
    0.15182357930449533,
    0.1484308736217133,
    0.183206106870229,
    0.1450381679389313,
    0.17726887192536048,
    0.17133163698049195,
    0.178117048346056,
    0.1662425784563189,
    0.1697792869269949,
    0.15789473684210525
  ],
  "mean_best_val_acc": 0.16491328872126965
}