fold,epoch,train_loss,train_acc,val_loss,val_acc,lr
6,1,5.255267006207708,0.009143180318597417,5.02514103047417,0.022900763358778626,0.001
6,2,5.0507203703585555,0.01856913940993496,4.829880287325716,0.029686174724342665,0.00075
6,3,4.917942785544786,0.027429540955792253,4.730108694670259,0.027989821882951654,0.0002500000000000001
