{
  "fold_best_val_accs": [
    0.035623409669211195,
    0.026293469041560644,
    0.030534351145038167,
    0.0364715860899067,
    0.03307888040712468,
    0.035623409669211195,
    0.030534351145038167,
    0.03986429177268872,
    0.02631578947368421,
    0.03310696095076401
  ],
  "mean_best_val_acc": 0.032744649936422766
}