fold,epoch,train_loss,train_acc,val_loss,val_acc,lr
7,1,5.207671445887369,0.012913563955132434,5.005057912038685,0.016963528413910092,0.001
7,2,4.9565688370197565,0.026769723819398624,4.877834055158827,0.0364715860899067,0.00075
7,3,4.830204585639277,0.03987180695635781,4.7813968375337845,0.04749787955894826,0.0002500000000000001
