{
  "fold_best_val_accs": [
    0.19423240033927056,
    0.1993214588634436,
    0.20610687022900764,
    0.17896522476675147,
    0.2001696352841391,
    0.22476675148430875,
    0.22815945716709077,
    0.19508057675996607,
    0.20543293718166383,
    0.21222410865874364
  ],
  "mean_best_val_acc": 0.20444594207343855
}