fold,epoch,train_loss,train_acc,val_loss,val_acc,lr
3,1,5.248332927988638,0.007446507682156659,5.102474994028494,0.006785411365564037,0.001
3,2,5.074112163568512,0.014421717409746442,4.9555029217927915,0.018659881255301103,0.00075
3,3,4.966626230447162,0.025073051182957867,4.876739784253664,0.029686174724342665,0.0002500000000000001
